{"assets/ic_registration_success.png":["assets/ic_registration_success.png"],"assets/ic_setting.png":["assets/ic_setting.png"],"assets/ic_success.png":["assets/ic_success.png"],"assets/icons/LogoRS'n.png":["assets/icons/LogoRS'n.png"],"assets/icons/ic_eye600.png":["assets/icons/ic_eye600.png"],"assets/icons/ic_eye_slash.png":["assets/icons/ic_eye_slash.png"],"assets/icons/reward.png":["assets/icons/reward.png"],"assets/images/Indonesia_map.png":["assets/images/Indonesia_map.png"],"assets/images/Product.png":["assets/images/Product.png"],"assets/images/nophoto.jpg":["assets/images/nophoto.jpg"],"assets/loading.gif":["assets/loading.gif"],"assets/loading2.gif":["assets/loading2.gif"],"assets/nophoto.jpg":["assets/nophoto.jpg"],"assets/placeholder.png":["assets/placeholder.png"],"assets/placeholder_tap.png":["assets/placeholder_tap.png"],"assets/product/1/1.psychedelic.png":["assets/product/1/1.psychedelic.png"],"assets/product/1/2.psychedelic.png":["assets/product/1/2.psychedelic.png"],"assets/product/1/3.psychedelic.png":["assets/product/1/3.psychedelic.png"],"assets/product/1/4.psychedelic.png":["assets/product/1/4.psychedelic.png"],"assets/product/2/1.Beon.png":["assets/product/2/1.Beon.png"],"assets/product/2/2.Beon.png":["assets/product/2/2.Beon.png"],"assets/product/2/3.Beon.png":["assets/product/2/3.Beon.png"],"assets/product/3/1.Botanic.png":["assets/product/3/1.Botanic.png"],"assets/product/3/2.Botanic.png":["assets/product/3/2.Botanic.png"],"assets/product/3/3.Botanic.png":["assets/product/3/3.Botanic.png"],"assets/product/psychedelic_grape.png":["assets/product/psychedelic_grape.png"],"packages/cupertino_icons/assets/CupertinoIcons.ttf":["packages/cupertino_icons/assets/CupertinoIcons.ttf"],"packages/iconsax/lib/assets/fonts/iconsax.ttf":["packages/iconsax/lib/assets/fonts/iconsax.ttf"],"packages/progress_dialog_null_safe/assets/double_ring_loading_io.gif":["packages/progress_dialog_null_safe/assets/double_ring_loading_io.gif"]}